follow,fɑ'lou,follow her advide,"① <rd>～(の後)</rd><rdb>に続く</rdb>　② <rd><指示・方針など></rd> <rdb>に従う</rdb><br>
A (is) followed by B　Ａの次にＢが続く<br>
as follow　次のように",彼女の助言に従う,Stage1_Verbs1
following,fɑ'louiŋ,,(形) 次の，以下のような,,Stage1_Verbs1
consider,kənsídər,,"<rd>～を</rd><rdb>考慮する</rdb>；(＋Ａ＋ (as) Ｂ) ＡをＢとみなす<br>
(＋Ｖing) Ｖしようかと思う<br>
※ <b>×</b> consider to V",,Stage1_Verbs1
consideration,kənsìdəréiʃən,,(名) 考慮，思いやり,,Stage1_Verbs1
considerate,kənsídərət,,(形) 思いやりのある,,Stage1_Verbs1
considering,kənsídəriŋ,,(前)(接) ～を考慮すると,,Stage1_Verbs1
increase,inkrí:s,,"<rdb>増える</rdb>；<rd>～を</rd><rdb>増やす</rdb><br>
(名) 増加",,Stage1_Verbs1
decrease,dikrí:s,,"(動) 減る；～を減らす<br>
(名) 減少",,Stage1_Verbs1
increasingly,inkrí:siŋli,,(副) ますます (＝more and more),,Stage1_Verbs1
expect,ikspékt,,"<rd>～を</rd><rdb>予期する</rdb>，予想する，期待する<br>
expect to V　Ｖするつもり [予定] だ<br>
expect A to V　ＡがＶするのを予期する<br>
expect A from [of] B　ＡをＢに期待する",,Stage1_Verbs1
expectation,èkspektéiʃən,,"(名) 予期，期待<br>
(例) Life expectancy　平均寿命",,Stage1_Verbs1
decide,disáid,,"<rd>～ (すること)</rd> <rdb>を決意する</rdb>；～を決定する，～と判断する<br>
deside to V　Vする決意をする<br>
※ + to V が 40% 程度<br>
※ <b>×</b> decide Ving",,Stage1_Verbs1
decision,disíʒən,,(名) 決意，決定,,Stage1_Verbs1
decisive,disáisiv,,(形) 決定的な，断固とした,,Stage1_Verbs1
develop,divéləp,,"① <rdb>発達する</rdb>；<rd>～を</rd><rdb>発達させる</rdb>　② ～を開発する<br>
developing country　発展途上国<br>
developed country　先進国",,Stage1_Verbs1
development,divéləpmənt,,(名) 発展，成長，開発,,Stage1_Verbs1
provide,prəváid,,"<rd>～を</rd><rdb>供給する</rdb>，<rdb>与える</rdb><br>
provide A with B　ＡをＢに与える<br>
＝provide B for [to] A<br>
provide for  A　Ａに備える；Ａを養う",,Stage1_Verbs1
provision,prəvíʒən,,(名) 供給；用意,,Stage1_Verbs1
provided,prəváidid,,(接) もし～ならば (＝if，providing),,Stage1_Verbs1
continue,kəntínju:,,"<rdb>続く</rdb>；<rd>(～を)</rd><rdb>続ける</rdb> (＝go on, carry on)",,Stage1_Verbs1
continuous,kəntínjuəs,,(形) 絶え間ない，休みない,,Stage1_Verbs1
continual,kəntínjuəl,,(形) 繰り返される,,Stage1_Verbs1
continuity,kɑ`ntən(j)ú:əti,,(名) 連続性,,Stage1_Verbs1
include,inklú:d,,<rd>～を</rd><rdb>含む</rdb>，<rdb>含める</rdb>,,Stage1_Verbs1
including,inklú:diŋ,,(前) ～を含めて,,Stage1_Verbs1
exclude,iksklú:d,,(動) ～を除外する,,Stage1_Verbs1
remain,riméin,,"① <rd>(ある状態の)</rd> <rdb>ままでいる</rdb>　② とどまる，残る<br>
remain to be Ved　これからＶせねばならない<br>
(名) 遺物，遺跡，化石，残り物",,Stage1_Verbs1
reach,rí:ʧ,,"<rd>～に</rd><rdb>着く</rdb> (＝arrive at)；<rd>～に</rd><rdb>達する</rdb><br>
reach for A　Ａをとろうと手を伸ばす<br>
within A's reach　Ａの手の届く範囲に<br>
(名) 届く範囲",,Stage1_Verbs1
allow,əláu,,"① <rd>～を</rd><rdb>許可する</rdb>，許す (＝permit，let)(⇔ forbit)<br>
② ～を可能にする (＝enable)<br>
allow A to V　ＡがＶするのを許す，可能にする<br>
allow for A　Ａを考慮に入れる<br>
※ forgive ｢(過ち・人など)を許す｣",,Stage1_Verbs1
force,fɔ':rs,,"<rd>～を</rd><rdb>強制する</rdb><br>
be forced to V　Ｖするのを強制される，Ｖせざるを得ない　　※ この形が 15%以上<br>
(名) 力，暴力；軍隊",,Stage1_Verbs1
offer,ɔ':fər,,"<rd>～を</rd><rdb>申し出る</rdb>；～を与える<br>
offer to V　Ｖすると申し出る<br>
(名) 申し出，提案",,Stage1_Verbs1
offering,ɔ':fəriŋ,,(名) 申し出，提供，供え物,,Stage1_Verbs1
realize,rí:əlàiz,,① <rd>～を</rd><rdb>悟る</rdb>，～に気づく (＋that～)　② ～を実現する,,Stage1_Verbs1
realization,rì:əlizéiʃən,,(名) ① 認識，理解　② 実現,,Stage1_Verbs1
suggest,səgʤést,,"① <rd>～と</rd><rdb>提案する</rdb>　② <rd>～を</rd><rdb>ほのめかす</rdb>，暗示[示唆]する<br>
suggest (to A) that S＋(should) 原形Ｖ　(Ａに)～と提案する<br>
※ to も重要<br>
※ ほのめかす の意味のときは that節中は普通の時制",,Stage1_Verbs1
suggestion,səgʤésʧən,,(名) 提案；暗示,,Stage1_Verbs1
require,rikwáiər,,"<rd>～を</rd><rdb>必要とする</rdb> (＝need)；～を要求する (＝demand)<br>
require that S＋(should) 原形V",,Stage1_Verbs1
requirement,rikwáiərmənt,,(名) 要求される物，必要条件,,Stage1_Verbs1
worry,wə':ri,,"<rdb>心配する</rdb>；～に心配させる<br>
(名) 心配(事)<br>
be worried about A　Ａのことを心配する<br>
(例) He worried me.　彼は私に心配をかけた<br>
(例) He worried about me.　彼は私のことを心配した",,Stage1_Verbs1
wonder,wʌ'ndər,,"① (＋wh/if節) <rd>～かと</rd><rdb>疑問に思う</rdb><br>
② (＋at A) Ａに驚く，Ａを不思議に思う<br>
(It is) no wonder (that) ～　～は不思議ではない；当然だ<br>
(名) 驚き，不思議(な物)",,Stage1_Verbs1
cost,kɔ':st,,"① <rd>(費用)を</rd><rdb>要する</rdb>　② ～を奪う<br>
cost (A) B　(A) にＢ(費用) がかかる<br>
(例) The accident cost him a leg.　事故が彼の片足を奪った。　　※ 左記の cost は過去形<br>
(名) 費用，犠牲",,Stage1_Verbs1
costly,kɔ':stli,,(形) 高価な；損失の大きい,,Stage1_Verbs1
tend,ténd,,(＋to V) <rdb>Vする傾向がある</rdb>，<rdb>Vしがちである</rdb>,,Stage1_Verbs1
tendency,téndənsi,,(名) 傾向，癖,,Stage1_Verbs1
depend,dipénd,,(＋on A) Ａに依存する，Ａしだいで決まる,,Stage1_Verbs1
dependent,dipéndənt,,(形) 依存する,,Stage1_Verbs1
dependence,dipéndəns,,(名) 依存,,Stage1_Verbs1
share,ʃéər,,"<rd>～を</rd><rdb>分け合う</rdb>，<rdb>共有する</rdb>，一緒に使う<br>
share A with B　ＡをＢと分かち合う<br>
(名) 分け前，分担，役割<br>
(例) market share　市場占有率",,Stage1_Verbs1
demand,dimæ'nd,,"① <rd>～を</rd><rdb>要求する</rdb>，必要とする　② (～を)問う<br>
demand that S＋(should) 原形V　～を要求する<br>
※ <b>×</b> ＋O＋to V の形はない",,Stage1_Verbs1
demanding,dimæ'ndiŋ,,(形) 骨の折れる，要求の厳しい,,Stage1_Verbs1
support,səpɔ':rt,,"① <rd>～を</rd><rdb>支持する</rdb>，援助する　② <rd>(家族など) を</rd><rdb>養う</rdb><br>
③ <rd>～を</rd><rdb>立証する</rdb>，裏付ける<br>
(例) support the theory　理論を立証する<br>
(名) 支持，援助",,Stage1_Verbs1
hire,háiər,,"<rd>～を</rd><rdb>雇う</rdb>；<有料で車など> を借りる<br>
※ 米では employ と同様に用いる。英では短期の雇用に用いる",,Stage1_Verbs1
regard,rigɑ':rd,,"(＋A as B) <rdb>AをBだと思う</rdb>，<rdb>みなす</rdb><br>
with [in] regard to A　Ａに関しては<br>
regarding A　Ａに関して<br>
regardless A　Ａに関係なく",,Stage1_Verbs1
base,béis,,"(A be based on B) <rdb>ＡがＢに基づいている</rdb>，<br>
(＋A on B) Ａの基礎をＢに置く<br>
(名) ① 基礎，根拠　② 基地",,Stage1_Verbs1
basic,béisik,,(名) 基礎的な,,Stage1_Verbs1
basement,béismənt,,(名) 地下室，地階,,Stage1_Verbs1
improve,imprú:v,,<rd>～を</rd><rdb>向上させる</rdb>，改善する；向上する，進歩する,,Stage1_Verbs1
improvement,imprú:vmənt,,(名) 進歩，改善,,Stage1_Verbs1
recognize,rékəgnàiz,,"① <rd>～を</rd><rdb>認める</rdb>　② ～を識別する，～だとわかる<br>
(例) I recognized Tom at once.　すぐにトムだとわかった",,Stage1_Verbs1
recognition,rèkəgníʃən,,(名) 認識，承認,,Stage1_Verbs1
notice,nóutis,,"<rd>～に</rd><rdb>気づく</rdb>，～だとわかる<br>
take notice of A　Ａに注意する<br>
(名) 通知，掲示，注意",,Stage1_Verbs1
noticeable,nóutisəbl,,(形) 目立つ，著しい,,Stage1_Verbs1
suppose,səpóuz,,"<rd>～だと</rd><rdb>思う</rdb>，想像する，仮定する<br>
be supposed to V　Ｖすることになっている，Ｖすべきだ，Ｖするはずだ<br>
(＝should)<br>
Suppose (that)　もし～だとしたら (どうだろう)<br>
(＝Supposing (that) )",,Stage1_Verbs1
supposedly,səpóuzidli,,(副) たぶん，おそらく,,Stage1_Verbs1
raise,réiz,,"① <rd>～を</rd><rdb>上げる</rdb>　② <rd>～を</rd><rdb>育てる</rdb> (＝bring up)<br>
③ <rd>(問題など) を</rd><rdb>提起する</rdb><br>
※ 自動詞は rise　上がる，起きる<br>
(名) <rdb>賃上げ</rdb> (＝pay raise)",,Stage1_Verbs1
prefer,prifə':r,,"<rd>～を</rd><rdb>より好む</rdb><br>
prefer A to B　ＢよりもＡを好む　　※Ａ,Ｂには名詞、動名詞<br>
prefer to V1 rather than (to) V2　V2よりもV1することを好む",,Stage1_Verbs1
preference,préf(ə)rəns,,(名) 好み；好物,,Stage1_Verbs1
preferable,préf(ə)rəbl,,(形) より好ましい，ましな,,Stage1_Verbs1
cheer,ʧíər,,"① <rd>～を</rd><rdb>励ます</rdb>　② 声援する(＋for)<br>
cheer A up　Ａを励ます，元気づける<br>
cheer up　元気を出す　※命令文が多い<br>
(名) 励まし，声援",,Stage1_Verbs1
cheerful,ʧíərfəl,,(形) 陽気な,,Stage1_Verbs1
suffer,sʌ'fər,,"<rd><苦痛、損害など> を</rd><rdb>経験する</rdb>，<rdb>受ける</rdb>；<br>
<rd><病気などで></rd> <rdb>苦しむ</rdb>，損害を受ける<br>
suffer from A　Ａ(病気など) で苦しむ<br>
※ suffer from A は苦痛がある期間続くときに用いられ、進行形が多い",,Stage1_Verbs1
suffering,sʌ'f(ə)riŋ,,(名) 苦しみ,,Stage1_Verbs1
describe,diskráib,,<rd>～を</rd><rdb>描写する</rdb>，<rd>～の</rd><rdb>特徴を説明する</rdb>,,Stage1_Verbs1
description,diskrípʃən,,(名) 描写，説明,,Stage1_Verbs1
prevent,privént,,"<rd>～を</rd><rdb>さまたげる</rdb>，防ぐ，させない<br>
prevent A from Ving　ＡがＶするのをさまたげる",,Stage1_Verbs1
prevention,privénʃən,,(名) 防止，予防,,Stage1_Verbs1
reduce,rid(j)ú:s,,"① <rd>～を</rd><rdb>減らす</rdb>　② (＋A to B) <rdb>ＡをＢにする</rdb>，変える<br>
be reduced to A　Ａになる，Ａに変えられる<br>
※より低い(小さい)状態への変化に用いる<br>
(例) be reduced to poverty　貧乏になる",,Stage1_Verbs1
reduction,ridʌ'kʃən,,(名) 減少，削減，割引,,Stage1_Verbs1
mistake,mistéik,,"<rd>～を</rd><rdb>誤解する</rdb>，<rdb>間違える</rdb><br>
mistake A for B　ＡをＢと間違える<br>
(例) He is often mistaken fo his brother.　彼はよく弟と間違われる。",,Stage1_Verbs1
mistaken,mistéikən,,"(形) 誤った，間違っている<br>
(例) You are mistaken about it.　あなたは間違っている。",,Stage1_Verbs1
prepare,pripéər,,"<rd>(～の)</rd> <rdb>準備をする</rdb> (＋for)，(～を) 用意する<br>
be prepared for A　Ａに備えている",,Stage1_Verbs1
preparation,prèpəréiʃən,,(名) 準備，用意,,Stage1_Verbs1
encourage,inkə':riʤ,,"<rd><人を></rd> <rdb>励ます</rdb>，～を促進する；<br>
(＋A to V) ＡにＶするようにすすめる<br>
discourage A from Ving　ＡにＶする気をなくさせる",,Stage1_Verbs1
encouragement,inkə':riʤmənt,,(名) 励まし，促進,,Stage1_Verbs1
prove,prú:v,,① <rd>～だと</rd><rdb>わかる</rdb> (＝turn out)　② <rd>～を</rd><rdb>証明する</rdb>,,Stage1_Verbs1
proof,prú:f,,(名) 証拠，証明,,Stage1_Verbs1
treat,trí:t,,"① <rd>～を</rd><rdb>あつかう</rdb>；～を手当てする<br>
(名) ① 楽しみ，喜び　② おごり<br>
This is my treat　これは僕のおごりだ",,Stage1_Verbs1
treatment,trí:tmənt,,(名) 取り扱い，待遇；治療,,Stage1_Verbs1
establish,istæ'bliʃ,,"<rd～を</rd><rdb>設立する</rdb>，<rdb>創立する</rdb> (＝found)；<br>
<事実など> を確定する，立証する<br>
establish oneself　定着する",,Stage1_Verbs1
establishment,istæ'bliʃmənt,,"(名) ① 施設，組織 (学校，会社など)<br>
　　　 ② 設立　③ 支配層，上層部<br>
(例) a research establishment　　研究施設<br>
(例) the medical establishment　医学界",,Stage1_Verbs1
relate,riléit,,"① <rdb>関係がある</rdb>；～を関係づける　② ～を述べる，話す<br>
be related to A　Ａと関係がある",,Stage1_Verbs1
relation,riléiʃən,,(名) 関係,,Stage1_Verbs1
relationship,riléiʃ(ə)nʃip,,"(名) 関係<br>
※ relation と relationship はほぼ同意だが<br>
　　感情をこもった親密な人間関係には relationship が多く用いられる",,Stage1_Verbs1
correlation,kɔ`:rəléiʃən,,(名) 相関，相互関係,,Stage1_Verbs1
compare,kəmpéər,,"① <rd>～を</rd><rdb>比較する</rdb>　② <rd>～を</rd><rdb>たとえる</rdb>　③ 匹敵する，比べられる<br>
compare A with B　ＡとＢを比較する<br>
compare A to B　① ＡをＢにたとえる　② ＡとＢを比較する",,Stage1_Verbs1
comparison,kəmpæ'rəsn,,(名) 比較；たとえ,,Stage1_Verbs1
comparatively,kəmpæ'rətivli,,(副) 比較的，かなり,,Stage1_Verbs1
comparable,kɑ'mpərəbl,,(形) 比較できる，同等の,,Stage1_Verbs1
spread,spréd,,"<rd>～を</rd><rdb>広げる</rdb>；<rdb>広がる</rdb><br>
(名) 広がり，広めること",,Stage1_Verbs1
refer,rifə':r,,"(＋to A) <rd>Ａを</rd><rdb>指示する</rdb>；Ａに言及する；Ａを参照する<br>
refer to A as B　ＡをＢと呼ぶ<br>
＝call A B",,Stage1_Verbs1
reference,réf(ə)rəns,,(名) 言及；参照,,Stage1_Verbs1
supply,səplái,,"<rd>～を</rd><rdb>供給する</rdb>，支給する<br>
supply A with B　ＡにＢを供給する<br>
＝supply B to [for] A<br>
demand and supply　需要と供給<br>
(名) 供給",,Stage1_Verbs1
gain,géin,,"① <rd>～を</rd><rdb>得る</rdb>，儲ける　② ～を増す<br>
gain weight　体重が増える<br>
(名) 利益，増加",,Stage1_Verbs1
destroy,distrɔ'i,,<rd>～を</rd><rdb>破壊する</rdb>；<害虫など>を殺す，滅ぼす,,Stage1_Verbs1
destruction,distrʌ'kʃən,,(名) 破壊，破滅,,Stage1_Verbs1
destructive,distrʌ'ktiv,,(形) 破壊的な,,Stage1_Verbs1
apply,əplái,,"① <rdb>当てはまる</rdb>；～を当てはめる，応用する<br>
② <rdb>申し込む</rdb><br>
A apply to B　ＡがＢに当てはまる<br>
apply A to B　ＡをＢに当てはめる，応用する<br>
apply (to A) for B　(Ａに) Ｂをほしいと申し込む<br>
(例) apply for the job　その仕事に応募する",,Stage1_Verbs1
application,æ`pləkéiʃən,,(名) 応用，適用；申し込み,,Stage1_Verbs1
applicant,æ'plikənt,,(名) 志願者，応募者,,Stage1_Verbs1
seek,sí:k,,"<rd>～を</rd><rdb>求める</rdb>，得ようとする<br>
seek to V　Ｖしようと努める<br>
＝try to V",,Stage1_Verbs1
search,sə':rʧ,,"(＋for A) <rd>Ａを</rd><rdb>捜す</rdb>；(+A) Ａ(場所) を探る<br>
in search of A　Ａを探して，求めて<br>
(例) search him　彼のボディチェックをする<br>
(例) search for him　彼を探す<br>
(例) search his pockets for a key　鍵を求めて彼のポケットを探る",,Stage1_Verbs1
claim,kléim,,"① <rd>～と</rd><rdb>主張する</rdb>，言い張る (＋that～；＋to V)<br>
※ 真偽は定かではない という含みがある<br>
② <rd>～を (当然の権利として)</rd> <rdb>要求する</rdb><br>
(名) 主張；要求",,Stage1_Verbs1
draw,drɔ':,,"① <rd>～を</rd><rdb>引っぱる</rdb>，引き出す，<注意> を引く<br>
② <rd><図，絵> を (線で)</rd> <rdb>描く</rdb>",,Stage1_Verbs1
drawer,drɔ':ər,,(名) 引き出し,,Stage1_Verbs1
refuse,réfju:s,,"<rd><申し出など> を</rd><rdb>断る</rdb>，辞退する (⇔ accept)<br>
refuse to V　Ｖするのを拒む<br>
※ <b>×</b> refuse Ving",,Stage1_Verbs1
refusal,rifjú:z(ə)l,,(名) 拒否，拒絶,,Stage1_Verbs1
respond,rispɑ'nd,,(＋to A) ① <rdb>Ａに返答する</rdb>　② Ａに反応する,,Stage1_Verbs1
response,rispɑ'ns,,(名) 返答　(＝anser)，反応,,Stage1_Verbs1
mention,ménʃən,,"<rd>～について</rd><rdb>述べる</rdb>，言及する (＝refer to)<br>
mention A to B　ＡについてＢ(人)に言う<br>
Don't mention it.　どういたしまして<br>
＝you're welcome.<br>
not to mention A　Ａは言うまでもなく<br>
＝to say nothing of A",,Stage1_Verbs1
judge,ʤʌ'ʤ,,"<rd>～を</rd><rdb>判断する</rdb>，～を裁判する<br>
judging from A　Ａから判断すると　　※ 独立分詞構文<br>
(名) 裁判官，審判員",,Stage1_Verbs1
judgement,ʤʌ'ʤmənt,,(名) 判断,,Stage1_Verbs1
approach,əpróuʧ,,"① <rd>(～に)</rd> <rdb>接近する</rdb>　② <rd><問題などに></rd> <rdb>取り組む</rdb><br>
(名) <研究などの> <rdb>方法</rdb>，取り組み方；接近 (＋to)<br>
(例) a new approach to teaching English　英語教育の新しい方法",,Stage1_Verbs1
admit,ædmít,,"① <rd><自分に不利・不快なこと></rd> <rdb>を認める</rdb> (＋that～)<br>
(＝acknowledge　(動) ～を認める)<br>
② <rd><人> の</rd><rdb>入場[入学]を許可する</rdb><br>
※ <b>○</b> ＋Ving (動名詞)<br>
※ <b>×</b> ＋to V",,Stage1_Verbs1
admission,ædmíʃən,,(名) 入学(許可)，入場(料)，入会(金),,Stage1_Verbs1
reflect,riflékt,,"① <rd>～を</rd><rdb>反映する</rdb>，<rd>～を</rd><rdb>反射する</rdb><br>
② (＋on A) <rd>Ａについて</rd><rdb>よく考える</rdb>",,Stage1_Verbs1
reflection,riflékʃən,,(名) 反射，反映；熟考,,Stage1_Verbs1
perform,pərfɔ':rm,,"① <rd>～を</rd><rdb>行う</rdb>，<rd>～を</rd><rdb>遂行する</rdb> (＝carry out)<br>
② ～を演じる，～を演奏する",,Stage1_Verbs1
performance,pərfɔ':rməns,,(名) ① 遂行，実行　② 演技，上演　③ 性能；出来栄え，成績,,Stage1_Verbs1
bore,bɔ':r,,"<rd><人> を</rd><rdb>うんざりさせる</rdb><br>
A is bored with B　Ａ(人)がＢについて退屈している<br>
(例) He is bored.　彼は退屈している<br>
(例) He is boring.　彼はつまらない人間だ<br>
(名) 退屈なもの[人]",,Stage1_Verbs1
boredom,bɔ':rdəm,,(名) 退屈,,Stage1_Verbs1
survive,sərváiv,,<rdb>生き残る</rdb>；<人> より長生きする；<危機など> を超えて生き延びる,,Stage1_Verbs1
survival,sərváivəl,,(名) 生存，生きること,,Stage1_Verbs1
represent,rèprizént,,① <rd>～を</rd><rdb>表す</rdb>，示す　(＝stand for)　② ～を代表する,,Stage1_Verbs1
representation,rèprizentéiʃən,,(名) ① 代表　② 表現,,Stage1_Verbs1
representative,rèprizéntətiv,,(名) 代表者　(形) 代表の，表している,,Stage1_Verbs1
argue,ɑ':rgju:,,"<rd>～と</rd><rdb>主張する</rdb>(＋that～)；(～を) 議論する；論争する<br>
※ insist　　　 (反対されても断固として) 主張する<br>
　　maintain　(反対されても断固として、繰り返して) 主張する<br>
　　argue　　　(意見だけではなく根拠も併せて、聞き手や読み手を説得するため) 主張する<br>
　　contend　 argue より説得しようとするニュアンスは弱いが、argue よりも堅い表現<br>
　　claim　　　(明確な根拠や理由はなかったり、相手がそれを信じていないにも関わらず) 主張する<br>
　　assert　　 (その根拠の有無や相手の考えよりも、自信満々で自分の考えを) 主張する",,Stage1_Verbs1
argument,ɑ':rgjumənt,,(名) 議論，主張，論争，口論,,Stage1_Verbs1
grant,græ'nt,,"① <rd>～を</rd><rdb>認める</rdb> (＝admit)　② <rd>～を</rd><rdb>与える</rdb><br>
③ <願い> をかなえてやる<br>
take A for granted　Ａを当然のことと思う<br>
take it for granted that～　～ということを当然と思う<br>
(名) 交付，補助金",,Stage1_Verbs1
indicate,índikèit,,<rd>～を</rd><rdb>指し示す</rdb>，表す (＝show),,Stage1_Verbs1
indication,ìndikéiʃən,,(名) 指示，暗示，兆候,,Stage1_Verbs1
belong,bilɔ':ŋ,,"<rdb>所属している</rdb>，(～の) 所有物である<br>
A belong to B　ＡはＢに所属している，Ｂのものだ<br>
※ belong は進行形にならない",,Stage1_Verbs1
belongings,bilɔ':ŋiŋz,,(名) 所有物，持ち物,,Stage1_Verbs1
acquire,əkwáiər,,<rd><言語，技術など> を</rd><rdb>習得する</rdb>；～を獲得する,,Stage1_Verbs1
acquisition,æ`kwəzíʃən,,(名) 習得,,Stage1_Verbs1
acquired,əkwáiərd,,(形) 習得された，後天的な,,Stage1_Verbs1
reply,riplái,,"<rdb>返事をする</rdb>，(～と) 答える (＋to)<br>
reply to A ＝anser A<br>
(名) 返事，答え",,Stage1_Verbs1
feed,fí:d,,"<rd>～に</rd><rdb>エサをやる</rdb>，<rd>～を</rd><rdb>養う<rdb>；エサを食う<br>
feed on A　(動物が) Ａを常食とする<br>
be fed up with A　Ａにうんざりしている",,Stage1_Verbs1
escape,iskéip,,"<rdb>逃げる</rdb>，まぬがれる (＋from)；～を避ける<br>
(※) 動詞を目的語とするとき ＋Ving<br>
(名) 逃亡；逃げ道",,Stage1_Verbs1
replace,ripléis,,"① <rd>～に</rd><rdb>取って代わる</rdb>，<rd>～を</rd><rdb>取り替える</rdb><br>
(＝take the place of)<br>
② ～を元の場所に戻す<br>
replace A with B　ＡをＢに取り替える",,Stage1_Verbs1
replacement,ripléismənt,,(名) 取り替え，代用品,,Stage1_Verbs1
reveal,riví:l,,<rd>～を</rd><rdb>明らかにする</rdb>，知らせる，示す,,Stage1_Verbs1
revelation,rèvəléiʃən,,(名) 暴露，発覚；新発見,,Stage1_Verbs1
surround,səráund,,<rd>～を</rd><rdb>取り囲む</rdb>　　※受動態が40％,,Stage1_Verbs1
surroundings,surroundings,,(名) 環境，周囲の状況,,Stage1_Verbs1
suit,sú:t,,<rd>～に</rd><rdb>合う</rdb>，適する；<服装・色などが><人> に似合う,,Stage1_Verbs1
suitable,suitable,,(形) 適した，相応しい,,Stage1_Verbs1
estimate,"(動) éstəmèit<br>
(名) éstəmət",,"<rd><数量> を</rd><rdb>推定する</rdb>；～を評価する<br>
(名) 見積り",,Stage1_Verbs1
underestimate,underestimate,,(動) ～を過少評価する,,Stage1_Verbs1
aim,éim,,"(＋at A) <rdb>Ａをねらう</rdb>，目指す；<br>
(＋A at B) ＡをＢに向ける<br>
be aimed at A　Ａ向けだ，Ａを目指している<br>
(名) 目的，意図 (＝purpose，intention)",,Stage1_Verbs1
earn,ə':rn,,"① <rd><金> を</rd><rdb>もうける</rdb>、<rdb>かせぐ</rdb><br>
② <評判・尊敬など> を得る<br>
earn one's living　生計をたてる",,Stage1_Verbs1
decline,dikláin,,"① <rdb>衰退する</rdb>，<rdb>低下する</rdb>　② <rd>～を</rd><rdb>辞退する</rdb><br>
(名) 衰退，低下",,Stage1_Verbs1
afford,əfɔ':rd,,"① <rd>～をする[持つ]</rd><rdb>余裕がある</rdb>　② ～を与える<br>
can afford to V　Ｖする余裕がある",,Stage1_Verbs1
affordable,affordable,,(形) 手ごろな値段の,,Stage1_Verbs1
confuse,kənfjú:z,,"① <rd><人> を</rd><rdb>当惑させる</rdb>，～を混乱させる　② <rd>～を</rd><rdb>混同する</rdb><br>
confuse A with B　ＡをＢと混同する<br>
※ annoy　　不快にさせることによって ｢いらだたせる｣という意味<br>
　　bother　　邪魔をすることによって ｢困らせる｣｢悩ます｣ という意味<br>
　　confuse　区別がつかずに戸惑うことによって ｢混乱する｣ という意味<br>
　　disturb　 平穏な状態や秩序を乱すことによって ｢不安にする｣ という意味<br>
　　embarrass 恥ずかしい思い、気まずい思いをすることによって ｢困惑する｣という意味<br>
　　puzzle　　頭を悩ませて考えることによって ｢当惑する｣ という意味",,Stage1_Verbs1
confused,confused,,(形) 当惑した，混乱した,,Stage1_Verbs1
confusing,confusing,,(形) <人を> 当惑させる,,Stage1_Verbs1
confusion,confusion,,(名) 混乱，混同，当惑,,Stage1_Verbs1
graduate,græ'ʤuət,,"(＋from A) <rdb>Ａを卒業する</rdb><br>
graduate school　大学院",,Stage1_Verbs1
graduation,graduation,,(名) 卒業,,Stage1_Verbs1
undergraduate,undergraduate,,(名) 大学生,,Stage1_Verbs1
vary,vé(ə)ri,,<rdb>変わる</rdb>，<rdb>さまざまである</rdb>；～を変える,,Stage1_Verbs1
varied,varied,,(形) さまざまな，変化に富んだ,,Stage1_Verbs1
invariably,invariably,,(副) いつも，変わることなく,,Stage1_Verbs1
variation,variation,,(名) 変化，差異,,Stage1_Verbs1
remove,rimú:v,,"<rd>～を</rd><rdb>移す</rdb>，<rdb>取り去る</rdb>；<衣服> を脱ぐ (＝take off)<br>
be (far) removed from A　Ａから(遠く)隔たっている",,Stage1_Verbs1
romoval,romoval,,(名) 除去，移動,,Stage1_Verbs1
insist,insíst,,"<rd>～と (強く)</rd> <rdb>主張する</rdb>，<rdb>言い張る</rdb><br>
insist on A　Ａを主張する<br>
insist that S＋(should)　原形V　ＳがＶすることを要求する",,Stage1_Verbs1
examine,igzæ'min,,"<rd>～を</rd><rdb>調査する</rdb>，検査する，試験する<br>
＝look into，go into，go over",,Stage1_Verbs1
examination,examination,,(名) 試験 (＝exam)；調査,,Stage1_Verbs1
remind,rimáind,,"(＋A of B) <rdb>ＡにＢのことを思い出させる</rdb><br>
remind A that～　Ａ(人) に～を思い出させる<br>
remind A to V　Ａ(人) にＶすることを思い出させる",,Stage1_Verbs1
contribute,kəntríbju:t,,"① (＋to A) <rdb>Ａに貢献する</rdb>；<rdb>Ａの一因となる</rdb><br>
② (＋A to B) <rdb>ＡをＢに寄付する</rdb>，提供する",,Stage1_Verbs1
contribution,contribution,,(名) 貢献，寄付,,Stage1_Verbs1
warn,wɔ':rn,,"<rd><人> に</rd><rdb>警告する</rdb><br>
warn A of [about；against] B　ＡにＢを警告する",,Stage1_Verbs1
warning,warning,,(名) 警告，警報,,Stage1_Verbs1
connect,kənékt,,"<rd>～を</rd><rdb>つなぐ</rdb>，関係づける；つながる (＝link)<br>
be connected to [with] A　Ａと関係がある，つながりがある",,Stage1_Verbs1
connection,connection,,(名) 結びつき，関係,,Stage1_Verbs1
match,mæ'ʧ,,"① <rd>～に</rd><rdb>匹敵する</rdb>　② <rd>～に</rd><rdb>調和する</rdb> (＝go with)<br>
be no match for A　Ａに敵わない<br>
(名) ① 試合　② 競争相手，好敵手　③ よくつりあう人・物",,Stage1_Verbs1
focus,fóukəs,,"<rdb>焦点を合わせる</rdb>，集中する<br>
focus on A　Ａに焦点を合わせる<br>
(名) 焦点",,Stage1_Verbs1
reject,riʤékt,,"<提案など> を断る，拒絶する<br>
※ refuse より強い否定。招待を断るときには reject を用いず、refuse や decline を使用する。<br>
(＝<rd>turn down</rd>　申し出を断る) (⇔ accept)",,Stage1_Verbs1
rejection,rejection,,(名) 拒絶，拒否,,Stage1_Verbs1
convince,kənvíns,,"<rd><人> を</rd><rdb>納得させる</rdb>，<rdb>確信させる</rdb><br>
convince A of B　　　　　ＡにＢを確信させる<br>
convince A that～　　　 Ａに～と確信させる<br>
A is convinced of B　　ＡがＢを確信している<br>
A is convinced that～ Ａが～と確信している",,Stage1_Verbs1
conviction,conviction,,(名) 確信,,Stage1_Verbs1
convincing,convincing,,(名) 説得力のある,,Stage1_Verbs1
associate,əsóuʃièit,,"① (＋A with B) <rdb>ＡをＢに関連づける</rdb>，<rdb>ＡからＢを連想する</rdb><br>
② (＋with A) Ａと付き合う<br>
be associated with A　Ａと関連している<br>
(名) 仲間，同僚",,Stage1_Verbs1
association,association,,(名) 協会；連想；交際,,Stage1_Verbs1
rush,rʌ'ʃ,,"<rdb>急いで行く</rdb>，急いでする<br>
(名) 急ぎ，突進<br>
rush hour　ラッシュアワー",,Stage1_Verbs1
stress,strés,,"<rd>～を</rd><rdb>強調する</rdb><br>
(名) 緊張，ストレス，協調",,Stage1_Verbs1
stressful,stressful,,(形) ストレスの多い,,Stage1_Verbs1
attract,ətræ'kt,,<rd><人・注意> を</rd><rdb>引きつける</rdb>；魅惑する,,Stage1_Verbs1
attractive,attractive,,(形) 魅力的な,,Stage1_Verbs1
attraction,attraction,,(名) 魅力；引きつけるもの,,Stage1_Verbs1
rely,rilái,,"(＋on [upon] A) <rdb>Ａに頼る</rdb>，Ａを信頼する<br>
rely on A for B　Ａに頼ってＢを求める",,Stage1_Verbs1
reliable,reliable,,(形) 信頼できる，当てになる,,Stage1_Verbs1
reliance,reliance,,(名) 依存，信頼,,Stage1_Verbs1
regret,rigrét,,"<rd>～を</rd><rdb>後悔する</rdb>：残念に思う<br>
regret Ving　Ｖしたことを後悔する<br>
I regret to say that～　残念ながら～です。　<rd><b>×</b> 言ったことを後悔する</rd>
(名) 後悔，遺憾",,Stage1_Verbs1
regretful,regretful,,(形) <人が> 後悔している,,Stage1_Verbs1
regrettable,regrettable,,(形) <物事が> 残念な，悲しむべき,,Stage1_Verbs1
adopt,ədɑ'pt,,① <rd><理論・技術など> を</rd><rdb>採用する</rdb>　② ～を養子にする,,Stage1_Verbs1
adoption,adoption,,(名) 採用，養子縁組,,Stage1_Verbs1
shake,ʃéik,,"<rd>～を</rd><rdb>振る</rdb>；震える；～を動揺させる<br>
shake hands (with A)　(Ａと) 握手する<br>
shake one's head　首を横に振る　　※否定の身振り",,Stage1_Verbs1
hurt,hə':rt,,"<rd>～を</rd><rdb>傷つける</rdb>；痛む<br>
(名) 傷",,Stage1_Verbs1
operate,ɑ'pərèit,,"① <rd><機械などが></rd> <rdb>作動する</rdb>　② <rd><機械など> を</rd><rdb>操作する</rdb><br>
③ (＋on) <rdb>手術する</rdb>",,Stage1_Verbs1
operation,operation,,(名) ① 手術　② 活動，軍事行動　③ 操作,,Stage1_Verbs1
extend,iksténd,,"<rd>～を</rd><rdb>広げる</rdb>，<rdb>延長する</rdb>；広がる，延びる<br>
extended family　拡大家族，親戚<br>
to some extent　ある程度まで",,Stage1_Verbs1
extensive,extensive,,(形) 広範囲な,,Stage1_Verbs1
extension,extension,,(名) 延長，増大,,Stage1_Verbs1
blame,bléim,,"<rd>～を</rd><rdb>非難する</rdb>，<rd>～の</rd><rdb>せいにする</rdb><br>
blame A for B　ＡにＢの責任を負わせる<br>
＝blame B on A<br>
be to blame　責任がある，悪い<br>
(名) 非難；責任",,Stage1_Verbs1
consist,kənsíst,,"① (＋of A) <rdb>Ａで構成されている</rdb><br>
①＝be composed of，be made up of<br>
② (＋in A) Ａに存在する",,Stage1_Verbs1
persuade,pərswéid,,"① <rd>～を</rd><rdb>説得する</rdb>　② ～を信じさせる<br>
persuade A to V　Ａを説得してＶさせる<br>
※ 説得が成功したことを含意する。　try to～　なら失敗した可能性あり",,Stage1_Verbs1
persuasion,persuasion,,(名) 説得,,Stage1_Verbs1
persuasive,persuasive,,(形) 説得力のある,,Stage1_Verbs1
admire,ædmáiər,,<rd>～に</rd><rdb>感心[感嘆]する</rdb>，～を賞賛する，尊敬する,,Stage1_Verbs1
admiration,admiration,,(名) 感嘆，賞賛,,Stage1_Verbs1
admirable,admirable,,(形) 賞賛すべき，立派な,,Stage1_Verbs1
disappoint,dìsəpɔ'int,,～を失望させる,,Stage1_Verbs1
disappointed,disappointed,,"(形) (＋with, at) <人が> がっかりした",,Stage1_Verbs1
disappointing,disappointing,,(形) <人を> がっかりさせる,,Stage1_Verbs1
disappointment,disappointment,,(名) 失望,,Stage1_Verbs1
expand,ikspæ'nd,,<rd>(～を)</rd> <rdb>拡大する</rdb>，増大する；膨張する,,Stage1_Verbs1
expansion,expansion,,(名) 拡大，進展,,Stage1_Verbs1
preserve,prizə':rv,,<rd>～を</rd><rdb>保護する</rdb>，保存する；<rd>～を</rd><rdb>保つ</rdb>，～を維持する,,Stage1_Verbs1
preservation,preservation,,(名) 保護，保存，維持,,Stage1_Verbs1
struggle,strʌ'gl,,"<rdb>苦闘する</rdb>，努力する；<rdb>もがく</rdb>；(＋with) (～に)取り組む<br>
(名) 努力，苦闘 (＋for)",,Stage1_Verbs1
arrange,əréinʤ,,"① <rd><会合など> の</rd><rdb>手はずを整える</rdb>；～を手配する<br>
② <rd>～を</rd><rdb>配列する</rdb>，整理する<br>
arrage words in the right order　単語を正しい順に並べる",,Stage1_Verbs1
arrangement,arrangement,,(名) 準備；整理，配列,,Stage1_Verbs1
disturb,distə':rb,,"① <rd><人・仕事など> を</rd><rdb>妨げる</rdb> (＝interrupt)<br>
② <人> を不安にする (＝worry)；<平和・秩序など> をかき乱す<br>
※ annoy　　不快にさせることによって ｢いらだたせる｣という意味<br>
　　bother　　邪魔をすることによって ｢困らせる｣｢悩ます｣ という意味<br>
　　confuse　区別がつかずに戸惑うことによって ｢混乱する｣ という意味<br>
　　disturb　 平穏な状態や秩序を乱すことによって ｢不安にする｣ という意味<br>
　　embarrass 恥ずかしい思い、気まずい思いをすることによって ｢困惑する｣という意味<br>
　　puzzle　　頭を悩ませて考えることによって ｢当惑する｣ という意味",,Stage1_Verbs1
disturbance,disturbance,,(名) 混乱，妨害,,Stage1_Verbs1
disturbing,disturbing,,(形) 人を不安にする,,Stage1_Verbs1
employ,implɔ'i,,"① <rd>～を</rd><rdb>雇う</rdb>　② <rd><方法・言葉など> を</rd><rdb>用いる</rdb> (＝use)<br>
lifetime employment　終身雇用",,Stage1_Verbs1
employee,employee,,(名) 従業員　(⇔ employer　(名) 雇い主),,Stage1_Verbs1
employer,implɔ'iər,,(名) 雇い主,,Stage1_Verbs1
employment,employment,,(名) 雇用，職，使用,,Stage1_Verbs1
unemployment,unemployment,,(名) 失業,,Stage1_Verbs1
engage,ingéiʤ,,"(＋in A) <rd>A(活動・仕事など) に</rd><rdb>従事する</rdb>，参加する，<rdb>Ａを行う</rdb>；<br>
(＋A in B) ＡをＢに従事させる<br>
be engaged in A　Ａに従事している (＝engage in A)；<br>
　　　　　　　　　　　　　Ａに没頭している",,Stage1_Verbs1
engagement,engagement,,(名) (会合などの)約束；婚約,,Stage1_Verbs1
abandon,əbæ'ndən,,"<rd>～を</rd><rdb>捨てる</rdb>，放棄する<br>
＝give up，desert",,Stage1_Verbs1
display,displéi,,"<rd>～を</rd><rdb>展示する</rdb>；<rd>～を</rd><rdb>表す</rdb>；～を誇示する<br>
＝exhibit，show<br>
(名) 展示，表現",,Stage1_Verbs1
encounter,inkáuntər,,"<rd>～に</rd><rdb>偶然出会う</rdb>，<問題など> にぶつかる<br>
＝come across，run into<br>
(名) 出会い，遭遇",,Stage1_Verbs1
amuse,əmjú:z,,"<rd>～を</rd><rdb>楽しませる</rdb>，笑わせる (＝entertain)<br>
※ amusing　人を楽しませる、愉快な　interesting　知的興味をそそる　funny　笑わせるような",,Stage1_Verbs1
amusing,amusing,,(形) <人にとって> 愉快な，楽しい (＝funny),,Stage1_Verbs1
amused,amused,,(形) <人が> 面白がっている,,Stage1_Verbs1
amusement,amusement,,(名) 楽しみ，娯楽,,Stage1_Verbs1
bother,bɑ'ðər,,"① <rd><人> に</rd><rdb>面倒をかける</rdb>，<rdb>困らせる</rdb><br>
② <rd>(～を)</rd> <rdb>気にする</rdb><br>
bother to V　わざわざＶする　　※否定・疑問文で<br>
(名) 面倒，やっかいなもの<br>
※ annoy　　不快にさせることによって ｢いらだたせる｣という意味<br>
　　bother　　邪魔をすることによって ｢困らせる｣｢悩ます｣ という意味<br>
　　confuse　区別がつかずに戸惑うことによって ｢混乱する｣ という意味<br>
　　disturb　 平穏な状態や秩序を乱すことによって ｢不安にする｣ という意味<br>
　　embarrass 恥ずかしい思い、気まずい思いをすることによって ｢困惑する｣という意味<br>
　　puzzle　　頭を悩ませて考えることによって ｢当惑する｣ という意味",,Stage1_Verbs1
concentrate,kɑ'nsəntrèit,,"<rdb>集中する</rdb>，<注意など> を集中させる<br>
A concentrate on B　ＡがＢに集中する，専念する<br>
concentrate A on B　ＡをＢに集中させる",,Stage1_Verbs1
concentration,concentration,,(名) 集中，専念,,Stage1_Verbs1
adapt,ədæ'pt,,"① <rd>～を</rd><rdb>適応させる</rdb>，慣れさせる；<rdb>適応する</rdb>　② ～を改変する<br>
adapt A to B　ＡがＢに適用させる<br>
A adapt (oneselft) to B　ＡがＢに適用する",,Stage1_Verbs1
adaptation,æ`dəptéiʃən,,(名) 適応，順応,,Stage1_Verbs1
adaptable,ədæ'ptəbl,,(形) 適応力がある,,Stage1_Verbs1
puzzle,pʌ'zl,,"<rd>～を</rd><rdb>当惑させる</rdb> (＝confuse)，困らせる<br>
※ annoy　　不快にさせることによって ｢いらだたせる｣という意味<br>
　　bother　　邪魔をすることによって ｢困らせる｣｢悩ます｣ という意味<br>
　　confuse　区別がつかずに戸惑うことによって ｢混乱する｣ という意味<br>
　　disturb　 平穏な状態や秩序を乱すことによって ｢不安にする｣ という意味<br>
　　embarrass 恥ずかしい思い、気まずい思いをすることによって ｢困惑する｣という意味<br>
　　puzzle　　頭を悩ませて考えることによって ｢当惑する｣ という意味<br>
(名) 難問，パズル",,Stage1_Verbs1
puzzled,pʌ'zld,,(形) 戸惑って，当惑して,,Stage1_Verbs1
appeal,əpí:l,,"(＋to A) ① <rdb>A(理性・感情) に訴える</rdb>；<人> に求める<br>
　　　　　　 ② <rdb><人> を引きつける</rdb><br>
(名) ① <rdb>魅力</rdb>　② 訴え",,Stage1_Verbs1
appealing,əpí:liŋ,,(形) 魅力的な,,Stage1_Verbs1
combine,kəmbáin,,<rd>～を</rd><rdb>結合させる</rdb>，組み合わせる；(＋with) 結合する,,Stage1_Verbs1
combination,kɑ`mbənéiʃən,,(名) 結合，組み合わせ,,Stage1_Verbs1
delay,diléi,,"<rd>～を</rd><rdb>遅らせる</rdb>，延期する<br>
(名) 遅れ，延期",,Stage1_Verbs1
repair,ripéər,,"<rd>～を</rd><rdb>修理する</rdb>；～を修復する<br>
(名) 修理",,Stage1_Verbs1
mend,ménd,,(動)<衣服など> を縫う，修理する,,Stage1_Verbs1
fascinate,fæ'sənèit,,<rd><人> を</rd><rdb>夢中にさせる</rdb>，～の興味をかき立てる,,Stage1_Verbs1
fascinating,fæ'sənèitiŋ,,(形) 魅力的な，非常に面白い,,Stage1_Verbs1
fascinated,fæ'sineitid,,(形) 夢中になった,,Stage1_Verbs1
fascination,fæ`sənéiʃən,,(名) 魅惑，魅力,,Stage1_Verbs1
Pardon,pɑ':rdn,,"<rd>～を</rd><rdb>許す</rdb><br>
Pardon (me).　① 過失・無礼をわびるときに ｢ごめんなさい｣<br>
                    ② ？をつけて、相手の言葉を聞き漏らせて ｢もう一度言ってください｣<br>
                    ③ 見知らぬ人に話しかける前に ｢失礼ですが｣ ＝I beg your pardon.<br>
(名) 許し，容赦",,Stage1_Verbs1
import,impɔ':rt,,"<rd>～を</rd><rdb>輸入する</rdb><br>
(名) 輸入，輸入品",,Stage1_Verbs1
remark,rimɑ':rk,,"<rd>(～と)</rd> <rdb>述べる</rdb>，言う (＝say) (＋that～)<br>
(名) 意見，言葉",,Stage1_Verbs1
reserve,rizə':rv,,"<rd>～を</rd><rdb>予約する</rdb>，<rd>～を</rd><rdb>取っておく</rdb> (＝set aside)<br>
be reserved for A　Ａに用意されている<br>
(名) ① 蓄え，埋蔵量　② 保護区　③ 遠慮",,Stage1_Verbs1
reservation,rèzərvéiʃən,,(名) 予約，指定,,Stage1_Verbs1
reserved,rizə':rvd,,(形) 控えめな，予約している,,Stage1_Verbs1
amaze,əméiz,,<rd>～を</rd><rdb>驚嘆させる</rdb>,,Stage1_Verbs1
amazing,əméiziŋ,,"(形) 驚嘆すべき，見事な，信じがたい (＝incredible, wonderful)",,Stage1_Verbs1
amazed,əméizd,,(形) <人が> 驚いている,,Stage1_Verbs1
frighten,fráitn,,<rd><人> を</rd><rdb>おびえさせる</rdb>，ぞっとさせる,,Stage1_Verbs1
frightening,fráit(ə)niŋ,,(形) ぞっとするような,,Stage1_Verbs1
frightened,fráitnd,,"(形) おびえている (＋of, by)",,Stage1_Verbs1
release,rilí:s,,"① <rd>～を</rd><rdb>解放する</rdb>，自由にする　② <rd>～を</rd><rdb>発表する</rdb><br>
③ <rd><ガスなど></rd> <rdb>を放出する</rdb><br>
release A from B　ＡをＢから解放する<br>
(名) 解放，放免；公表，発表",,Stage1_Verbs1
rent,rént,,"① <rd><家・車など> を</rd><rdb>賃借りする</rdb>　② ～を賃貸しする<br>
rent the house from A　Ａから家を賃借りする<br>
rent the house to A      Ａに家を賃貸しする<br>
(名) 家賃，使用料，賃貸料",,Stage1_Verbs1
rental,réntl,,"(形) 賃貸しの<br>
(名) 使用料",,Stage1_Verbs1
lease,lí:s,,"(名) 賃貸契約<br>
(動)<土地・建物など> を賃貸する，賃借する",,Stage1_Verbs1
recover,rikʌ'vər,,"① (＋from A) <rdb>Ａ(病気など)から回復する</rdb><br>
② ～を取り戻す",,Stage1_Verbs1
recovery,rikʌ'vəri,,(名) 回復，取り戻すこと,,Stage1_Verbs1
suspect,səspékt,,"① <rd>～ではないかと</rd><rdb>思う</rdb> (＝suppose)<br>
② <rd><人・もの></rd> <rdb>を疑う</rdb><br>
suspect A of B　ＡをＢのことで疑う　　※受け身が多い<br>
※ doubt：don't believe に近く、suspect：suppose に近い<br>
I doubt that he did it.　彼がそうしたとは思わない<br>
I suspect that he did it.　彼がそうしたと思う",,Stage1_Verbs1
suspicion,səspíʃən,,(名) 容疑，疑い,,Stage1_Verbs1
suspicious,səspíʃəs,,(形) 疑い深い；疑わしい,,Stage1_Verbs1
deliver,dilívər,,"① <rd>～を</rd><rdb>配達する</rdb>，<rdb>渡す</rdb>　② <rd><講演など> を</rd><rdb>する</rdb><br>
deliver a speech　演説をする",,Stage1_Verbs1
delivery,dilív(ə)ri,,(名) 配達,,Stage1_Verbs1
identify,aidéntəfài,,"① <rd>～の</rd><rdb>正体をつきとめる</rdb>，～が何[誰]なのか確認する<br>
② (＋with A) <rdb>Ａと共感する</rdb><br>
identify A with [as] B　ＡをＢとみなす，同一視する<br>
(名) 身元，正体；独自性",,Stage1_Verbs1
identification,aidèntəfikéiʃən,,(名) 身元確認，身分証明，同一視，一本化,,Stage1_Verbs1
identical,aidéntikəl,,(形) 同一の,,Stage1_Verbs1
locate,lóukeit,,"① (be located in [on, at] A) <rd>(Ａに)</rd> <rdb>位置する</rdb>，ある<br>
② ～の場所を見つける<br>
※①の形で用いられることが多い",,Stage1_Verbs1
location,loukéiʃən,,(名) 位置，場所；ロケ，野外撮影,,Stage1_Verbs1
relocate,rì:loukéit.,,(動) ～を移転[転居]させる；移転[転居]する,,Stage1_Verbs1
manufacture,mæ`njufæ'kʧər,,"<rd>～を</rd><rdb>製造する</rdb>，(大量に) 生産する<br>
(名) 製造，生産；製品",,Stage1_Verbs1
manufacturer,mæ`njufæ'kʧ(ə)rər,,(名) 製造業者，メーカー,,Stage1_Verbs1
occupy,ɑ'kjupài,,"<rd><場所・地位など> を</rd><rdb>占める</rdb><br>
be occupy with A　Ａで忙しい，Ａに従事している",,Stage1_Verbs1
own,óun,,"<rd>～を</rd><rdb>所有している</rdb>，～を持っている<br>
(形) (所有格の後で)　自分自身の<br>
A of one's own　自分自身のＡ<br>
of one's own Ving　自分でＶした<br>
on one's own　一人で",,Stage1_Verbs1
expose,ikspóuz,,(＋A to B) <rdb>ＡをＢにさらす</rdb>　<秘密など> をあばく,,Stage1_Verbs1
exposure,ikspóuʒər,,(名) 露出，暴露,,Stage1_Verbs1
translate,trænsléit,,① <rd>～を</rd><rdb>翻訳する</rdb>　② ～を変える,,Stage1_Verbs1
translation,trænsléiʃən,,(名) 翻訳,,Stage1_Verbs1
cure,kjúər,,"<rd>～を</rd><rdb>治療する</rdb>，<悪い習慣など> を直す<br>
cure A of B　Ａ(人) のＢ(病気など) を治す<br>
(名) 治療法",,Stage1_Verbs1
perceive,pərsí:v,,"① <rd>～を</rd><rdb>知覚する</rdb>，～に気づく　② ～と思う，理解する<br>
perceive A as B　ＡがＢであると思う　　※頻出",,Stage1_Verbs1
perception,pərsépʃən,,(名) 知覚；認識,,Stage1_Verbs1
adjust,əʤʌ'st,,"(＋to) <rd><現場に></rd> <rdb>慣れる</rdb> (＝adapt)；～を適合させる，<rdb>調節して合わせる</rdb><br>
adjust A to B　ＡをＢに適合させる",,Stage1_Verbs1
adjustment,əʤʌ'stmənt,,(名) 調整；適応,,Stage1_Verbs1
alarm,əlɑ':rm,,"<rd>～を</rd><rdb>ぎょっとさせる</rdb>，<rdb>おびえさせる</rdb> (＝scare)<br>
(名) ① 警報　② 驚き，不安",,Stage1_Verbs1
alarming,əlɑ':rmiŋ,,(形) 驚くべき，不安にさせる,,Stage1_Verbs1
alarmed,əlɑ':rmd,,(形) ぎょっとした,,Stage1_Verbs1
assist,əsíst,,<rd>(～を)</rd> <rdb>助ける</rdb>，<rd>～を</rd><rdb>手伝う</rdb>　　※ help より堅い誤で補助的な助けを言う,,Stage1_Verbs1
assistant,əsístənt,,(名) 助手,,Stage1_Verbs1
assistance,əsístəns,,(名) 援助,,Stage1_Verbs1
freeze,frí:z,,"① <rdb>凍りつく</rdb>　② 動かなくなる<br>
Freeze!　動くな",,Stage1_Verbs1
frozen,fróuzn,,(形) 凍った，冷凍の,,Stage1_Verbs1
spoil,spɔ'il,,"<rd>～を</rd><rdb>台無しにする</rdb>；<子供> を甘やかしてだめにする<br>
Too many cooks spoil the broth.　料理人が多すぎると料理がだめになる",,Stage1_Verbs1
shift,ʃíft,,"<rd>～を</rd><rdb>変える</rdb>，移す<br>
(名) 変化，移動，交替",,Stage1_Verbs1
embarrass,imbæ'rəs,,"<rd>～を</rd><rdb>困惑させる</rdb>，<rd>～に</rd><rdb>恥ずかしい思いをさせる</rdb><br>
※ annoy　　不快にさせることによって ｢いらだたせる｣という意味<br>
　　bother　　邪魔をすることによって ｢困らせる｣｢悩ます｣ という意味<br>
　　confuse　区別がつかずに戸惑うことによって ｢混乱する｣ という意味<br>
　　disturb　 平穏な状態や秩序を乱すことによって ｢不安にする｣ という意味<br>
　　embarrass 恥ずかしい思い、気まずい思いをすることによって ｢困惑する｣という意味<br>
　　puzzle　　頭を悩ませて考えることによって ｢当惑する｣ という意味",,Stage1_Verbs1
embarrassed,imbæ'rəst,,(形) <人が> 当惑している，恥ずかしい気持ちの,,Stage1_Verbs1
embarrassing,imbæ'rəsiŋ,,(形) <人を> 当惑させる，きまり悪くさせる,,Stage1_Verbs1
embarrassment,imbæ'rəsmənt,,(名) 困惑，困難,,Stage1_Verbs1
approve,əprú:v,,"(＋of) <rdb>賛成[同意]する</rdb>；<br>
<rd>～を</rd><rdb>承認[許可]する</rdb>，～に賛成する<br>
※ 公的機関などが正式に 認可[承認]するときは 他動詞が多い",,Stage1_Verbs1
disapprove,dìsəprú:v,,(動) ～に反対する,,Stage1_Verbs1
approval,əprú:vəl,,(名) 賛成，承認,,Stage1_Verbs1
weigh,wéi,,"① <rd>～の</rd><rdb>重さがある</rdb>　② <rd>～を</rd><rdb>比較検討する</rdb>，<rdb>よく考える</rdb><br>
(例) weigh one plan against another　ある計画と別の計画を比較検討する
③ (＋on A) Ａを苦しめる
(例) The problem weighed on his mind.　その問題が彼の心を苦しめた。",,Stage1_Verbs1
stretch,stréʧ,,"<rd>～を</rd><rdb>広げる</rdb>，伸ばす (＋out)；広がる，伸びる<br>
(名) 広がり，期間",,Stage1_Verbs1
participate,pɑ:rtísəpèit,,"(＋in A) <rdb>Ａに参加する</rdb><br>
patricipate in A ＝take part in A",,Stage1_Verbs1
participation,pɑ:rtìsəpéiʃən,,(名) 参加,,Stage1_Verbs1
participant,pɑ:rtísəpənt,,(名) 参加者,,Stage1_Verbs1
exhibit,igzíbit,,"<rd>～を</rd><rdb>展示する</rdb>，示す (＝display)<br>
(名) 展示物，展覧会",,Stage1_Verbs1
exhibition,èksəbíʃən,,(名) 展覧会，展示,,Stage1_Verbs1
owe,óu,,"(＋A to B) ① <rdb>ＡのことはＢおかげだ</rdb><br>
　　　　　　　　② ＡをＢに借りている　　※ owe B A の文型もある",,Stage1_Verbs1
celebrate,séləbrèit,,"① <rd><特定の日・出来事> を</rd><rdb>祝う</rdb>，<儀式> を行う<br>
② ～を賞賛する",,Stage1_Verbs1
celebration,sèləbréiʃən,,(名) 祝い,,Stage1_Verbs1
celebrated,séləbrèitid,,(形) 名高い (＝famous),,Stage1_Verbs1
celebrity,səlébrəti,,(名) 有名人,,Stage1_Verbs1
decorate,dékərèit,,<rd>～を</rd><rdb>装飾する</rdb>，～に飾りをつける,,Stage1_Verbs1
decoration,dèkəréiʃən,,(名) 装飾(品),,Stage1_Verbs1
ornament,ɔ':rnəmənt,,(名) 飾り，装飾(品),,Stage1_Verbs1
forgive,fərgív,,"<rd><過ち・人> を</rd><rdb>許す</rdb><br>
forgive A for B　ＢのことでＡを許す",,Stage1_Verbs1
seat,sí:t,,"① (be seated) <rdb>座っている</rdb>　② <人数> を収容する<br>
※ seatは｢<人> を座らせる｣という意味だが<br>
　　たいてい　be [remain, stay, etc.] seated ｢座っている｣という形で使う<br>
※ sit が座る動作を表すのに対して、be seated は状態を表す<br>
Please be seated　座って下さい ＝Please have a seat.　　※ sit down より丁寧<br>
(名) 座席",,Stage1_Verbs1
injure,ínʤər,,<rd>～を</rd><rdb>傷つける</rdb>，けがをさせる,,Stage1_Verbs1
injury,ínʤ(ə)ri,,(名) 負傷，害,,Stage1_Verbs1
sew,sóu,,"<rd>～を</rd><rdb>縫う</rdb><br>
sweing machine　ミシン",,Stage1_Verbs1
